company_number,company_name,postcode,address,sic,account_category,incorporation_date,group
00828627,JOHN FAUSSET LIMITED,FY6 0HE,ELLESMERE ROSSLYN AVENUE / PREESALL / POULTON LE FYLDE,23610 - Manufacture of concrete products for construction purposes,MICRO ENTITY,25/11/1964,small
15655995,COSY KREATIONS LTD,L13 6RT,23 PLEMONT ROAD / LIVERPOOL,90030 - Artistic creation,MICRO ENTITY,17/04/2024,small
09322347,REAL ALE DEVELOPMENTS LIMITED,BS16 1EJ,C/O EASY TAX - ARGENTUM 510 BRISTOL BUSINESS PARK / COLDHARBOUR LANE / BRISTOL,41201 - Construction of commercial buildings,MICRO ENTITY,21/11/2014,small
11624231,MC GAS SERVICES LTD,LA13 0QP,10 WHITEHALL CARAVAN PARK COAST ROAD / RAMPSIDE / BARROW-IN-FURNESS,"43220 - Plumbing, heat and air-conditioning installation",MICRO ENTITY,15/10/2018,small
14245503,VONN DIAMOND LTD,SW3 1RB,54 WALTON STREET / LONDON,96020 - Hairdressing and other beauty treatment,MICRO ENTITY,20/07/2022,small
SC749431,FK ESTATES LTD,G2 4BL,C/O AVID ACCOUNTANTS / 21 BLYTHSWOOD SQUARE / GLASGOW,68100 - Buying and selling of own real estate,MICRO ENTITY,04/11/2022,small
15045114,AJP SAFETY SERVICES LTD,FY4 5LZ,UNIT 6 / NEPTUNE COURT / BLACKPOOL,71122 - Engineering related scientific and technical consulting activities,MICRO ENTITY,02/08/2023,small
07460018,B F MANAGEMENT SERVICES LIMITED,PE28 0JT,BROOK FARM 47 STATION ROAD / TILBROOK / HUNTINGDON,62020 - Information technology consultancy activities,MICRO ENTITY,03/12/2010,small
15270791,LONDON BRIDGE SERVICES UK LTD,N3 3LX,8 STANHOPE AVENUE / LONDON,70229 - Management consultancy activities other than financial management,MICRO ENTITY,08/11/2023,small
14146808,NIP SOLUTIONS LIMITED,CM13 3FR,"JUBILEE HOUSE, 3 THE DRIVE, / GREAT WARLEY / BRENTWOOD",41202 - Construction of domestic buildings,MICRO ENTITY,01/06/2022,small
11808395,KATIE ALICE HAIRDRESSING LTD,CF3 1QB,85 HARRIS AVENUE / RUMNEY / CARDIFF,96020 - Hairdressing and other beauty treatment,MICRO ENTITY,05/02/2019,small
13399319,LIT HOME LTD,S2 3EN,UNIT R7H / SHEAF BANK BUSINESS PARK / SHEFFIELD,32990 - Other manufacturing n.e.c.,MICRO ENTITY,14/05/2021,small
11360269,PRIORITY SPACE (KIRKLEATHAM) LIMITED,S4 7YA,QUAYSIDE HOUSE / FURNIVAL ROAD / SHEFFIELD,"74909 - Other professional, scientific and technical activities n.e.c.",MICRO ENTITY,14/05/2018,small
08476331,GL7 PROPERTIES LIMITED,DT1 3AQ,WADEBRIDGE HOUSE 16 WADEBRIDGE SQUARE / POUNDBURY / DORCHESTER,68209 - Other letting and operating of own or leased real estate,MICRO ENTITY,05/04/2013,small
07146977,STEVE BLACKLEE GOLF ACADEMY LTD,CR5 1HB,44 CANONS HILL / OLD COULSDON,93110 - Operation of sports facilities,MICRO ENTITY,04/02/2010,small
11994131,LYNN JOHNSON CONSULTANTS LIMITED,NE3 3LS,BULMAN HOUSE REGENT CENTRE / GOSFORTH / NEWCASTLE UPON TYNE,82990 - Other business support service activities n.e.c.,TOTAL EXEMPTION FULL,14/05/2019,medium
14441036,LAKESIDE VENUE LIMITED,CF35 6EN,LAKESIDE VENUE / GLYNOGWR / BLACKMILL,56210 - Event catering activities,TOTAL EXEMPTION FULL,25/10/2022,medium
08243238,ESME OPTICAL LTD,WA14 1NU,"C/O E M ACCOUNTANCY LTD OFFICE 4, TRAFALGAR HOUSE / 110 MANCHESTER ROAD / ALTRINCHAM",86900 - Other human health activities,TOTAL EXEMPTION FULL,08/10/2012,medium
04302816,AFRICA MARINE SERVICES (EUROPE) LIMITED,BN3 2DL,168 CHURCH ROAD / HOVE / EAST SUSSEX,82990 - Other business support service activities n.e.c.,TOTAL EXEMPTION FULL,11/10/2001,medium
14734931,TMI TOLPUDDLE LTD,DT2 7ES,THE MARTYRS INN 49 MAIN ROAD / TOLPUDDLE / DORCHESTER,56302 - Public houses and bars,TOTAL EXEMPTION FULL,16/03/2023,medium
04477651,TALISMON PRODUCTIONS LIMITED,NW6 2EG,C/O GOLDWINS / 75 MAYGROVE ROAD / WEST HAMPSTEAD,93290 - Other amusement and recreation activities n.e.c.,TOTAL EXEMPTION FULL,04/07/2002,medium
11669973,ALISON PHILLIPS ARCHITECTURAL DESIGN LIMITED,BR3 4SQ,27 PELHAM ROAD / BECKENHAM,71111 - Architectural activities,TOTAL EXEMPTION FULL,09/11/2018,medium
07656902,CATERFRESH LIMITED,SK17 6EQ,UNIT 1 / 11 EAGLE PARADE / BUXTON,99999 - Dormant Company,TOTAL EXEMPTION FULL,03/06/2011,medium
08886991,ARMSTRONG PROPERTIES (WESTPOINT) LIMITED,CH4 9RF,"C/O MONTACS, INTERNATIONAL HOUSE KINGSFIELD COURT / CHESTER BUSINESS PARK / CHESTER",68320 - Management of real estate on a fee or contract basis,TOTAL EXEMPTION FULL,11/02/2014,medium
06964025,FFV UK LIMITED,WD6 1JD,5 ELSTREE GATE / ELSTREE WAY / BOREHAMWOOD,70229 - Management consultancy activities other than financial management,TOTAL EXEMPTION FULL,16/07/2009,medium
SC755507,QUAS HEALTHCARE LTD,AB12 4YD,OFFICE 13 BADENTOY BUSINESS CENTRE / BADENTOY INDUSTRIAL ESTATE / PORTLETHEN,87300 - Residential care activities for the elderly and disabled,TOTAL EXEMPTION FULL,16/01/2023,medium
11431832,SRIGEETHA LIMITED,MK8 8JW,30 CHARDACRE / TWO MILE ASH / MILTON KEYNES,62020 - Information technology consultancy activities,TOTAL EXEMPTION FULL,25/06/2018,medium
10105004,PEOPLE DYNAMIX LIMITED,L3 8HL,C/O DOES LIVERPOOL 1ST FLOOR THE TAPESTRY / 68-76 KEMPSTON STREET / LIVERPOOL,78109 - Other activities of employment placement agencies,TOTAL EXEMPTION FULL,05/04/2016,medium
13875070,BENCHMARK RENOVATIONS LTD,WF14 0PJ,43A FLASH LANE / MIRFIELD,41202 - Construction of domestic buildings,UNAUDITED ABRIDGED,26/01/2022,medium
12746770,FRUCHOC LIMITED,GU10 5HP,10 FINNS BUSINESS PARK MILL LANE / CRONDALL / FARNHAM,56103 - Take-away food shops and mobile food stands,TOTAL EXEMPTION FULL,16/07/2020,medium
04527148,CATENIAN PUBLICATIONS LIMITED,CV6 4QH,5 OAK COURT PILGRIMS WALK / PROLOGIS PARK / COVENTRY,58142 - Publishing of  consumer and business journals and periodicals,FULL,05/09/2002,large
15745473,PETS AND FRIENDS TRADING LIMITED,NG2 6NQ,PEDIGREE HOUSE AMBLESIDE / GAMSTON / NOTTINGHAM,"47760 - Retail sale of flowers, plants, seeds, fertilizers, pet animals and pet food in specialised stores",FULL,28/05/2024,large
02208249,FAMILY EQUITY PLAN LIMITED,BN1 2RL,16-17 WEST STREET / BRIGHTON,64999 - Financial intermediation not elsewhere classified,FULL,24/12/1987,large
15281074,MORECO HOLDCO LIMITED,GU15 3YL,SECOND FLOOR PARK VIEW / RIVERSIDE WAY / CAMBERLEY,"46330 - Wholesale of dairy products, eggs and edible oils and fats",GROUP,13/11/2023,large
FC023188,COSLUCK SHIPPING LIMITED,,"C/O SHL SERVICES LIMITED / 35TH FLOOR, BANK OF CHINA TOWER / 1 GARDEN ROAD",None Supplied,FULL,11/12/2000,large
10222741,AMBREY LIMITED,HR2 6JT,THORN BUSINESS CENTRE / ROTHERWAS / HEREFORD,80100 - Private security activities,GROUP,09/06/2016,large
10247081,MCNUTT FILM PRODUCTIONS LIMITED,WC2R 0EX,7 SAVOY COURT / LONDON,59111 - Motion picture production activities,FULL,23/06/2016,large
SC742116,KELLAS DRUM LIMITED,EH3 9EE,C/O TURCAN CONNELL PRINCES EXCHANGE / 1 EARL GREY STREET / EDINBURGH,35140 - Trade of electricity,FULL,22/08/2022,large
13387164,JTP SUB LTD,SL3 6DA,"INNOVIA HOUSE MARISH WHARF, ST. MARYS ROAD / MIDDLEGREEN / LANGLEY",68209 - Other letting and operating of own or leased real estate,GROUP,11/05/2021,large
SC190621,STIRLING WATER SEAFIELD FINANCE PLC,KY11 8NX,1 MASTERTON PARK / SOUTH CASTLE DRIVE / DUNFERMLINE,64999 - Financial intermediation not elsewhere classified,FULL,28/10/1998,large
05757350,MOELOGAN 2 C.C.C.,LL28 5UN,CAE SGUBOR / FFORDD PENNANT / EGLWYSBACH,35110 - Production of electricity,FULL,27/03/2006,large
09267940,WIRRAL YOUTH ZONE,CH41 4EA,WIRRAL YOUTH ZONE / BRIGHT STREET / BIRKENHEAD,94990 - Activities of other membership organizations n.e.c.,GROUP,16/10/2014,large
SC580101,GLENTAGGART WIND LIMITED,EH2 2PR,C/O BROCKWELL ENERGY LIMITED THE EAGLE BUILDING-THIRD FLOOR / 19 ROSE STREET / EDINBURGH,96090 - Other service activities n.e.c.,FULL,27/10/2017,large
03618863,A HARDWICK HAULAGE LIMITED,CB8 7NR,TURNERS (SOHAM) LTD / FORDHAM ROAD / NEWMARKET,49410 - Freight transport by road,FULL,20/08/1998,large
06647559,NOONAN TOPCO LIMITED,EC2M 1QS,"5TH FLOOR SOUTH, DASHWOOD HOUSE / 69 OLD BROAD STREET / LONDON",70100 - Activities of head offices,FULL,15/07/2008,large
16635388,SEBASTIAN COURT LIMITED,BH2 6BQ,"BALMORAL HOUSE, FLAT 6 / SUFFOLK ROAD SOUTH / BOURNEMOUTH",68320 - Management of real estate on a fee or contract basis,NO ACCOUNTS FILED,07/08/2025,unknown
16207863,AX5 VENTURES LTD,LU2 7QW,21 FREDERICK STREET / LUTON,64209 - Activities of other holding companies n.e.c.,NO ACCOUNTS FILED,25/01/2025,unknown
16693169,NELSON PROPERTY SOLUTIONS LTD,RG1 3JX,8 ICARUS COURT / SUN STREET / READING,55209 - Other holiday and other collective accommodation,NO ACCOUNTS FILED,04/09/2025,unknown
16710931,MOBILE LASER CLEANING 3000 LTD,S71 3RR,3 GREENFIELD GARDENS / BARNSLEY,81210 - General cleaning of buildings,NO ACCOUNTS FILED,11/09/2025,unknown
SL006605,PARTNERS GROUP ACCESS 97 L.P.,EH3 9WJ,50 LOTHIAN ROAD / FESTIVAL SQUARE / EDINBURGH,None Supplied,NO ACCOUNTS FILED,18/06/2008,unknown
CE007101,ROTHERHAM EVANGELICAL CHURCH,,,None Supplied,NO ACCOUNTS FILED,21/07/2016,unknown
CE017554,AUTISM PARENTS TOGETHER (TEES VALLEY),,,None Supplied,NO ACCOUNTS FILED,20/05/2019,unknown
OE010429,SANKE PROPERTIES LIMITED,JE2 3NS,9 HOPE STREET / ST HELIER,None Supplied,NO ACCOUNTS FILED,29/12/2022,unknown
SL026738,JANTE ONE LP,EH5 1BN,39/5 GRANTON CRESCENT / EDINBURGH,None Supplied,NO ACCOUNTS FILED,13/05/2016,unknown
16325900,BTPM1 LTD,WC2A 2JR,7 BELL YARD / LONDON,68100 - Buying and selling of own real estate,NO ACCOUNTS FILED,19/03/2025,unknown
16687187,KKD SERVICES LTD,HA2 0EN,FLAT 15 KRISSH HOUSE 180-188 / NORTHOLT ROAD / HARROW,96020 - Hairdressing and other beauty treatment,NO ACCOUNTS FILED,01/09/2025,unknown
16129091,HFL CONSULT LIMITED,BL1 1PZ,5 CANON COURT / INSTITUTE STREET / BOLTON,70229 - Management consultancy activities other than financial management,NO ACCOUNTS FILED,10/12/2024,unknown
16283726,COLLABORATIVE PRODUCT REALISATION LIMITED,LE4 9LJ,31 HIGH VIEW CLOSE / HAMILTON OFFICE PARK / LEICESTER,70229 - Management consultancy activities other than financial management,NO ACCOUNTS FILED,28/02/2025,unknown
OE014363,P A C REAL ESTATE L.L.C,,75 9F-A-02-16 / EMPIRE HEIGHTS A / BUSINESS BAY,None Supplied,NO ACCOUNTS FILED,18/01/2023,unknown
LP020936,COACH HOUSE SETTLEMENT (NO 4) LIMITED PARTNERSHIP,SO21 2NR,WHITE HOUSE CHURCH LANE / SPARSHOLT / WINCHESTER,None Supplied,NO ACCOUNTS FILED,13/03/2020,unknown
